Name,Type,Link,Notes,Files
Think & Grow Rich,Abundance,,,Resources%20e5cf9cdbb0884e87911bc56dc9580ea3/Kindle-Notebook.pdf
Mornings With Marianne,Other,https://vimeo.com/showcase/mornings-with-marianne,MwM17&8x!,
All About Courses,In Depth,https://faq.mightynetworks.com/hc/en-us/sections/360001230611-How-to-Use-Courses,,
All About Payments,In Depth,https://faq.mightynetworks.com/hc/en-us/sections/115001088283-Setting-Up-Payments,,
All About Content and Connecting Members,In Depth,https://faq.mightynetworks.com/hc/en-us/sections/115000434766-Content-and-Connecting-Members,,
Set Up Internal Or External Plans,Main,https://faq.mightynetworks.com/hc/en-us/articles/360027506412-Set-Up-Internal-or-External-Plans,,
Enable Your Ambassador Program,Main,https://faq.mightynetworks.com/hc/en-us/articles/208753976-Enable-Your-Ambassador-Program,,
Set Up Groups,Main,https://faq.mightynetworks.com/hc/en-us/articles/210483086-Set-Up-Groups,,
How to Charge for Access to Your Mighty Network,Main,https://faq.mightynetworks.com/hc/en-us/articles/360035881432-How-to-Charge-for-Access-to-Your-Mighty-Network,,
Watch a Full Tour of a Mighty Network,Worthy,https://faq.mightynetworks.com/hc/en-us/articles/360035818592-Watch-a-Full-Tour-of-a-Mighty-Network,,
Set Up a Welcome Section,Worthy,https://faq.mightynetworks.com/hc/en-us/articles/115000683183-Set-Up-a-Welcome-Section,,
What I Learned Building My First Online Course,Worthy,https://www.mightynetworks.com/what-i-learned-building-my-first-course,,
How to Create a Cohort-Based Course,Worthy,https://www.mightynetworks.com/how-to-create-a-cohort-based-course,,
How to Price Online Courses,Worthy,https://www.mightynetworks.com/price-online-courses,,
Subdomain,Settings,https://faq.mightynetworks.com/hc/en-us/articles/115004080826-Update-Your-Subdomain,,
Purchase a Domain through Mighty Networks,Settings,https://faq.mightynetworks.com/hc/en-us/articles/4403316115597-Purchase-a-Domain-through-Mighty-Networks,,
,,,,