Name,Created,Abundant,Type
Mens 6 week second call,"October 21, 2020 3:33 PM",No,
mens 4 call,"November 4, 2020 1:42 PM",No,
Mens Call,"November 9, 2020 3:08 PM",No,
Theta Basic Assist Day 1,"November 12, 2020 2:09 AM",No,
Theta Basic Assist Day 2,"November 13, 2020 5:28 AM",No,
Theta Basic Assist Day 3,"November 14, 2020 6:10 AM",No,
Sex Club Day 1,"November 17, 2020 1:09 PM",No,
Mens Last Call,"November 18, 2020 1:47 PM",No,
Theta Advanced Assist Day 1,"November 20, 2020 6:02 AM",No,
Theta Advanced Assist Day 2,"November 20, 2020 6:03 AM",No,
Theta Advanced Assist Day 3,"November 20, 2020 6:04 AM",No,
Sex Day 2,"November 24, 2020 2:22 PM",No,
Theta Assist Dig Deeper Day 1,"November 28, 2020 5:56 AM",No,
Theta Assist Dig Deeper Day 2,"November 28, 2020 5:57 AM",No,
Sex Club Week 3,"December 8, 2020 1:03 PM",No,
Theta Vanya Dig Deeper Day 1,"January 30, 2021 5:56 AM",No,
Assist You & Creator Vanya Day 1,"February 20, 2021 6:10 AM",No,
Self Enquiry,"July 31, 2021 4:06 PM",Yes,Feature
Business Actions,"July 31, 2021 4:06 PM",Yes,Feature