Name,Abundant,Created,Type
Mens 6 week second call,No,"October 21, 2020 3:33 PM",
mens 4 call,No,"November 4, 2020 1:42 PM",
Mens Call,No,"November 9, 2020 3:08 PM",
Theta Basic Assist Day 1,No,"November 12, 2020 2:09 AM",
Theta Basic Assist Day 2,No,"November 13, 2020 5:28 AM",
Theta Basic Assist Day 3,No,"November 14, 2020 6:10 AM",
Sex Club Day 1,No,"November 17, 2020 1:09 PM",
Mens Last Call,No,"November 18, 2020 1:47 PM",
Theta Advanced Assist Day 1,No,"November 20, 2020 6:02 AM",
Theta Advanced Assist Day 2,No,"November 20, 2020 6:03 AM",
Theta Advanced Assist Day 3,No,"November 20, 2020 6:04 AM",
Sex Day 2,No,"November 24, 2020 2:22 PM",
Theta Assist Dig Deeper Day 1,No,"November 28, 2020 5:56 AM",
Theta Assist Dig Deeper Day 2,No,"November 28, 2020 5:57 AM",
Sex Club Week 3,No,"December 8, 2020 1:03 PM",
Theta Vanya Dig Deeper Day 1,No,"January 30, 2021 5:56 AM",
Assist You & Creator Vanya Day 1,No,"February 20, 2021 6:10 AM",
Self Enquiry,Yes,"July 31, 2021 4:06 PM",Feature
Business Actions,Yes,"July 31, 2021 4:06 PM",Feature